{
  "config": {
    "data_path": "datasets/sudoku.csv",
    "batch_size": 4,
    "max_samples": 1000,
    "representation": "one_hot",
    "hidden_dim": 64,
    "num_transformer_layers": 2,
    "N": 3,
    "T": 2,
    "num_heads": 4,
    "dropout": 0.1,
    "num_epochs": 10,
    "learning_rate": 0.001,
    "weight_decay": 0.01,
    "num_segments": 2,
    "print_freq": 10,
    "eval_freq": 2
  },
  "metrics": {
    "train_loss": [
      13.52032445192337,
      3.377274680137634,
      2.414048465490341,
      2.3004021883010863,
      2.2686047029495238,
      2.2508694529533386,
      2.2383678090572356,
      2.2303219747543337,
      2.222439230680466,
      2.218422302007675
    ],
    "val_loss": [
      4.271398334503174,
      2.244074592590332,
      2.2166368770599365,
      2.207148151397705,
      2.2047368907928466,
      2.2070550441741945
    ],
    "val_cell_acc": [
      0.11074074074074074,
      0.1171604938271605,
      0.10654320987654321,
      0.11691358024691358,
      0.1171604938271605,
      0.11753086419753087
    ],
    "val_puzzle_acc": [
      0.0,
      0.0,
      0.0,
      0.0,
      0.0,
      0.0
    ],
    "val_violations": [
      82.69,
      84.53,
      83.94,
      85.8,
      82.4,
      81.65
    ]
  },
  "test_metrics": {
    "loss": 2.209946508407593,
    "cell_acc": 0.11506172839506174,
    "puzzle_acc": 0.0,
    "avg_violations": 81.55
  },
  "model_params": 369344
}